pH,EC_dS_m,Nitrogen_ppm,Phosphorus_ppm,Potassium_ppm,Temperature_C,Humidity_pct,Light_Hours,Water_Type,Plant_Type,Yield_g
6.397371322408986,2.4630887737658207,205.97421746344008,61.675416142499564,166.24108625128093,23.711838991658592,45.921924421226095,12,Distilled,Tomato,204.32109072022783
5.889388559063052,2.9547083202350652,186.98534731651074,41.732214255071995,192.77406646422412,24.904553981598582,56.39614989220498,16,Distilled,Basil,194.72204923799026
6.518150830480554,1.3007162130904293,152.38521479680696,37.72701674866539,160.37900395000193,21.00607485045003,60.863944665783556,16,Filtered,Cucumber,190.87418042992599
7.218423885126421,2.2814846183452855,124.12252889177705,49.94938313883572,184.60192351804798,20.16328979647675,83.8768765734019,16,Tap,Lettuce,167.11886112260194
5.812677300221331,1.6746787154390865,177.92893254454358,47.447230662126074,105.31926665231072,18.744548420326606,70.56553124533758,16,Filtered,Lettuce,189.1412730033748
5.812690434440656,1.7564373081176519,165.73941541686997,43.201579260090874,210.66468536864693,19.523768410063134,51.64518430900109,16,Filtered,Tomato,184.80129683206442
7.263370252405913,1.7038030378805655,185.8077288011093,60.44581171185073,200.06027376811122,30.0,69.86036289417638,12,Filtered,Tomato,190.70618145410438
6.6139477833223275,1.568004615160092,175.40687206727878,64.32957812855766,159.14556844659046,25.73403874221036,49.52696011061634,14,Filtered,Cucumber,208.33509753379641
5.624420491252038,2.0242608139724134,191.9821086127734,51.32610329437771,232.96228342162027,17.946776901375934,75.82691053887073,14,Filtered,Lettuce,192.39103129530685
6.434048034868772,1.5845249417944811,128.59059153757727,72.16295121582893,246.87850688132792,18.03262612976929,60.28875348182122,14,Tap,Tomato,203.64230942531105
5.62926584575003,2.1352284128899193,202.69576262537302,32.87466328799742,119.62200678155129,23.445598185155475,64.06363811260829,14,Filtered,Tomato,159.69147729357877
5.627416197143795,1.9748809452754315,157.90398418769598,47.095108110804226,161.86376107168928,23.6417943921339,78.2579664754219,12,Filtered,Lettuce,181.45156080398144
6.193569817252827,1.8805259765667952,233.0104349050106,39.247665190957925,161.54288251063508,23.646651505952093,52.1283643141575,18,Distilled,Basil,189.37548159193165
4.5,1.546218168979201,122.43248727641728,22.0019507439041,153.00484494455677,21.235132619338906,51.02881814887009,18,Tap,Lettuce,154.30154617086345
4.620065733989573,1.7116143347158337,219.43855212660998,48.75978971235951,241.47374209658742,21.6236372199913,59.16400673653995,12,Distilled,Lettuce,179.9165943863901
5.550169976607222,2.377695612912878,157.9164313385059,48.17378737425075,190.30869306135983,22.98363857247807,75.38378851019317,12,Distilled,Cucumber,198.2781770423448
5.189735103732461,2.2504585938121906,123.94327985542206,72.70174614863197,186.77425793446946,22.25767901887999,49.806539245231576,16,Filtered,Tomato,185.26391143104598
6.2513978660762195,1.5112223776007245,130.64456663782713,59.462175268321666,100.0,15.342098881757394,40.0,16,Filtered,Tomato,176.97050466518883
5.273580739583031,2.0496661527146127,137.1861076722272,34.63719763506192,231.77090151046133,21.31060110827442,60.488411415910015,16,Filtered,Cucumber,202.79589305744636
4.870157038931767,2.3756935616858943,166.96663785607666,77.81138849501282,138.03708025732638,19.44578069721906,70.51740799910921,14,Filtered,Basil,193.64264257016725
7.172519015137244,1.1652973594393141,170.91341952142,68.31550543288029,202.9966315133164,22.525634256725535,77.00261749738829,16,Filtered,Tomato,193.15368387383165
5.819378959610772,2.2716800961899675,127.05199984245684,58.731465552029235,213.86884689790958,30.0,60.36838637914601,18,Distilled,Basil,194.2806575172621
6.054022563750339,1.6686881205270767,149.0258163095607,46.60273851725252,268.03292979193253,23.102444996422914,60.885733928839976,14,Tap,Cucumber,177.40473807988548
4.860201451029234,2.2852993342965795,235.69081434447455,35.6084114491478,134.5589800440444,21.059410941482806,76.53900734255747,16,Filtered,Lettuce,209.51779739008882
5.5644938203798535,1.6183704217287416,219.10172680402846,44.416898358934205,100.0,24.765404505931755,46.3025830030458,14,Filtered,Cucumber,172.96726128494333
6.088738071767893,1.0975589496677405,167.4529467869613,66.33122929556279,209.19247723768476,23.44806366162764,61.114792248169906,18,Filtered,Lettuce,191.65616081173712
5.079205138062157,1.1862287810584187,151.520139126728,78.26879458901914,290.0255590755427,23.260283471355525,66.90423889925057,16,Distilled,Lettuce,204.8037780190749
6.300558414676537,2.024042473330691,154.80125306873046,73.14865292408284,261.9473176469719,23.820551779647012,69.49218721285034,18,Filtered,Tomato,191.2748318404563
5.519489048064956,2.129861250860741,174.54071890921665,42.667258673205886,210.4829707637313,28.169630694488625,59.901933068091175,18,Filtered,Basil,187.43293698852213
5.766645000165378,1.5478416874477956,109.08829739206378,33.205738500664836,175.41819071839763,18.607334694022253,65.34441011705842,18,Filtered,Tomato,191.1894764564749
5.5186347102164826,2.319296229388687,139.7049385030662,52.113293703668056,240.35612983186553,23.420896230434362,40.1167264658701,16,Filtered,Basil,196.6514589314807
7.48182254760715,1.16923996886552,83.25663704489642,23.473409516557226,151.32269001477658,19.220856610055385,58.41751587666152,12,Tap,Tomato,143.32389720847578
5.989202220209653,1.9669601006763417,165.96892490421118,54.847515712771724,223.81788846781097,23.666537939026746,69.53508712554468,16,Filtered,Lettuce,205.6459161160415
5.1538312568352795,1.3944919001187717,175.88783758810965,47.78596120551997,225.27350795833135,19.243940465541716,55.177059657453206,18,Tap,Lettuce,206.42298131197842
6.658035929682551,1.6740819460989205,130.67254150802503,43.00945247197637,253.01049537494399,20.747899559184745,65.58984221589597,16,Filtered,Lettuce,210.7104637122505
5.023325080023183,2.023699335658207,212.9594705316013,26.07945399099807,337.9830019455539,21.114730257286283,69.46872500802698,18,Distilled,Basil,239.65582920732953
6.167090876003805,1.5697933173580239,100.96937347990635,57.704001598545744,219.62079835893834,24.927450158034127,61.57450799142235,12,Distilled,Lettuce,221.4420880351469
4.5,1.8077222278850873,91.4250047916072,42.009487405071326,174.55181871462506,24.75536333182724,66.70463770996571,14,Filtered,Basil,197.6052345415411
4.937451160881255,2.5031464046072203,158.9780727423989,32.451247464345684,198.72128439040029,18.262847870660845,55.372674347153875,12,Distilled,Basil,163.11570902463544
6.157488988695299,1.7115540652384256,191.88393210448618,20.0,111.54620475554408,22.164802332999546,62.93388720303953,12,Distilled,Lettuce,214.94327518061417
6.590773263996328,2.417846056032571,217.35710765831476,49.58727642424046,165.2643434455471,19.871260435752482,71.10216169589222,14,Tap,Basil,189.71241831691702
6.137094624951977,1.435146572671191,131.6446294852424,76.58377395004617,179.5358780943448,18.224485267973996,66.56972960968434,16,Tap,Cucumber,179.67093807666768
5.907481374089407,2.2649020889576414,193.14723333725183,74.91888821821806,173.79558010327037,21.348948848726888,59.13468730436065,14,Filtered,Lettuce,214.8034491866236
5.759117043528569,2.72078431032895,148.4596612199717,43.14355615120592,207.6177436016861,21.07455163463254,67.24216404290793,16,Distilled,Basil,213.97825097869077
4.817182407706058,0.8,143.09490800236722,40.966819094573296,158.87900338088997,29.280149459036565,72.14609790636618,16,Distilled,Tomato,172.9771708269432
5.424124633284233,1.6015523722647615,185.3463974994669,57.031613841125356,256.05153336622357,23.29887947608209,44.50058721422522,18,Distilled,Basil,186.77615542344395
5.63148898323217,2.28853606359027,176.0929151365368,35.02421841217563,200.01035324590987,17.86714749773729,76.59074064955898,18,Filtered,Tomato,198.07486170356248
6.845697780975133,1.8984773069785037,86.94431372063002,54.52687849729199,199.53498394306928,20.305677987487172,61.63745261318928,14,Tap,Basil,177.45905622181584
6.274894631654769,2.1855729366856544,209.06161398903583,61.491204175770356,183.60526417435412,25.064149886288195,69.2548993324023,12,Filtered,Basil,205.47306932318708
4.589567875709813,1.6980074066420898,205.20365416589806,68.40399835826462,207.75953419294896,28.265328318609775,76.97246923645228,14,Distilled,Lettuce,188.11786592771446
6.259267175515836,2.04329489373645,124.97749193961883,48.49768885280071,241.25491323338173,17.242050063286126,51.28326302769534,16,Filtered,Tomato,186.07896808832015
5.691934175666947,1.9221613823039603,165.83214133749635,46.94489374734551,156.64348921445497,16.360226844582865,57.90558997572453,18,Filtered,Tomato,199.30244490408984
5.458462399755233,2.5838910308299035,169.76120745130956,36.830261198651584,167.09417554623718,27.612895526115345,62.11451304124295,14,Filtered,Lettuce,174.69406486287366
6.489341031072694,2.1272104216506067,160.42695063295628,37.5967946894021,184.81369856116677,23.168842532112713,57.16246478875571,14,Filtered,Basil,224.8124616993145
6.824799617996761,2.168801331037601,127.9877938461832,46.602816621477096,132.70645382633927,19.395121804370902,82.34936575836808,18,Filtered,Cucumber,150.85199335221031
6.745024095292959,1.7940615169387664,123.13506528247794,55.510482602242675,159.0371070139251,23.603887258367305,56.432279061732075,18,Distilled,Basil,185.32534769413664
5.328625981421889,1.7561968879637533,148.97783716034218,63.703769393498746,176.18895632276704,15.0,59.44453220513133,18,Distilled,Basil,197.37501621805035
5.7526300993190285,1.7837209060901895,196.90916077037457,37.95231573979483,243.71945903563636,22.010126519791484,67.04389031602977,16,Tap,Cucumber,206.56273653416415
6.265010745122851,2.1972260711891485,171.7440061837773,72.39032853439282,213.12806645009624,22.983463518529256,52.97850473923911,18,Distilled,Tomato,201.4064396109666
6.780436101697887,1.7895077595898685,135.17542671655576,45.93314598436147,209.6794955683772,24.77281041861349,61.04319288243736,12,Distilled,Basil,193.76301909832225
5.616660609723768,2.1448874284482065,180.86794842593378,49.67949058477346,242.54489810839863,18.958312143122388,68.17453261250175,14,Distilled,Tomato,206.49180275970488
5.851472818668946,3.0377003993227194,50.0,38.79182481278265,193.13141058003018,22.257061484210077,61.67139595617489,18,Distilled,Cucumber,182.08255812593228
5.114932020795178,2.4355623517158462,195.95062801488413,20.0,219.52324249644448,19.223726121821237,64.06613141100051,18,Filtered,Basil,212.5882270577279
5.043034700735463,1.8369882339160795,80.41144884887602,63.26068094541574,194.83891235337518,22.766151267022952,59.70667887551629,16,Tap,Basil,199.7411621031668
6.650020657915358,2.600606961081972,135.50236234387472,61.0526584563865,213.26811746998143,19.313961032910928,49.85529690819233,16,Filtered,Basil,201.54159705634473
7.0849920228566585,1.7959623134892242,105.21320421495425,45.780086643226795,170.86206711942089,20.775697482519337,68.21593211339238,14,Filtered,Cucumber,167.9741658274922
5.942391902735733,0.9809377324110731,98.21274097116377,51.00486075837308,100.0,19.012553815629314,82.54933071647241,12,Filtered,Tomato,170.58319554165482
6.8028263183136195,1.4959568445412978,196.43307149514078,57.73908826556149,193.2860418906848,23.95340872547097,65.18401630783438,14,Filtered,Lettuce,197.2404400446219
6.289308820038107,1.0646040394870722,131.29195194752435,26.56181214670186,271.137406804997,24.575353349969994,67.25264117247549,18,Tap,Cucumber,167.17577621347624
5.4839041963159,1.8242432579793457,163.86015526922864,42.06420983980558,246.3107701120796,21.296138290127757,71.9272275511686,12,Tap,Basil,200.42351718257206
6.2891164844067315,2.0092091895947757,148.12317684483264,61.913970194327405,248.26987422955852,22.114713984880083,52.30669503453301,12,Distilled,Lettuce,204.71330340430217
7.230429253172775,2.8382186561376415,169.08163308892486,31.18565865246126,261.8065360903109,17.65422575609937,82.02514658129606,12,Filtered,Basil,186.11939811202078
5.9713391687120385,2.163463686882081,153.07287564241022,54.40336898249944,204.43287954807187,21.100970055979637,67.02328796422802,12,Filtered,Basil,189.37672479274107
7.251714924651205,1.8904497355955678,98.68031103245721,29.651272930648926,209.86578537027978,21.849386148874764,81.3185689908911,14,Tap,Cucumber,198.2233360112
4.5,2.4147027905917446,189.8506727778856,56.996449736502896,169.1174052282825,29.862379273089925,57.66967004476011,16,Filtered,Lettuce,169.04991355797833
6.657522003500179,0.8944323454960574,130.2497366735475,49.465377765537745,184.19635719864752,18.66409892267751,83.18061922557825,16,Tap,Tomato,170.47654126883614
6.069637654590537,2.117807279054283,87.73672405360996,25.77302276141736,230.78855748855707,26.392531716257313,72.75155494034783,18,Filtered,Basil,204.13413279689522
5.760794119627306,2.3854325969434833,132.8753935613635,67.47109031685757,260.1942218584408,24.990576320397423,70.53040085852358,16,Distilled,Lettuce,201.20581572723663
6.073408621228402,1.2607068771100791,210.03039162537243,38.981126348029264,193.02768621595,22.84190921347041,67.34024454353148,16,Filtered,Cucumber,208.72616251413717
4.5,2.5718770216034645,184.00886968453972,37.84621344478428,177.49053675742942,27.2758614525854,62.514713819255505,16,Tap,Basil,155.35209794580823
5.824262489729991,2.169248203747207,136.05391462368564,53.008537958464146,200.02639794282987,23.116316417820588,77.00531658473872,16,Tap,Lettuce,220.85296245622075
6.285690057209397,1.7923560430495993,136.02969182726284,67.22956024143073,230.06033744645575,23.167477587003788,66.40359869848047,18,Distilled,Basil,209.59523898022434
7.182315235793213,2.3163909330531425,137.1345979513047,34.762672715324044,127.8072591933229,21.840638040947365,45.32930296412847,14,Filtered,Cucumber,164.22110404410276
5.585383825381082,3.135346428902198,233.06991934243365,50.92519774771957,100.0,25.670706647255884,53.82813538292997,12,Filtered,Lettuce,183.05720115646287
5.35320511768545,2.0909331275292478,165.27741808926214,56.432247504958596,172.47315752542082,25.28940770143265,63.14154247807253,16,Distilled,Lettuce,216.91950241758008
5.598594365132371,2.124110293150168,167.20166588764278,60.39658410894716,138.96437870429207,20.122968137511364,68.09998983165555,14,Filtered,Lettuce,194.95945041009108
6.7323216941616595,1.7703195502298779,191.2113381612737,52.64662332915838,174.59299011763446,18.042258416203698,64.43411511100105,16,Distilled,Lettuce,192.06755301629926
6.263000887727747,1.5750778152676042,159.55156636106054,44.494582413750166,192.61098405912642,21.39105808781303,77.18970789793663,16,Tap,Tomato,182.76543204911684
5.576191836986369,2.4151679082721227,139.63831416717187,37.5861466902692,177.33757954884933,19.599884306807063,45.48898135961375,12,Filtered,Basil,166.84781912083452
6.410613946490685,1.5719580870455663,142.14600603660088,51.292158245695624,272.62337672353726,21.809426276153935,66.4358793650516,12,Tap,Lettuce,230.43526935138323
6.077662039478432,2.035783118609696,147.13594962343745,33.9179148202159,216.33723823011601,25.712314404052417,46.82020774612845,12,Distilled,Lettuce,192.07873834987464
6.774915992426312,1.7611712766174417,148.51111053960634,20.0,215.02371798054142,20.62809503473963,72.59712295484168,16,Filtered,Lettuce,207.68670623070744
5.438357524898118,2.239489912873196,179.1051817454792,56.54839706236502,231.1103572021701,21.871529856065276,64.05541285557997,16,Distilled,Cucumber,206.85934215754736
5.737870282721786,2.166831052643474,152.07783543229198,63.55902261629293,143.05834411096154,22.174068204425186,69.19609972024118,16,Distilled,Lettuce,195.33875042068115
5.686313477494274,2.5187699721289496,179.30560308862317,20.0,251.95558937101345,24.545292646615856,56.36117039410234,12,Distilled,Cucumber,190.91701917134847
4.829188041494305,1.7449918005726266,146.7713367956567,34.854039429350934,196.211785673227,15.259331998046184,77.7946493165775,18,Distilled,Basil,192.40708761623569
6.236896221651661,1.8650625323533143,153.14540761264362,59.287313915077966,233.5240308620606,20.17989911570411,75.41724664058852,14,Filtered,Lettuce,204.1566879059106
6.208844217743912,1.5106181421088463,70.07197261871569,80.86243204567548,146.40713834799223,22.63385107683842,70.83544303011888,18,Distilled,Cucumber,212.0233618735449
6.004090765313968,1.777853369961944,186.65310698809927,50.31190561513112,122.31206169919679,25.600236869280582,63.704827531365595,16,Filtered,Basil,214.41854615752362
5.812330293299882,2.188650246522426,163.8595390359197,39.07995588156298,240.89448290125142,20.524292657481386,70.79857285295132,16,Filtered,Tomato,211.562408761322
4.867703406359668,2.3784943083226757,189.92040439438608,47.256553383427395,218.82047630487583,16.370341881874378,57.93107432012651,18,Tap,Cucumber,170.07681935973716
5.663483741787712,1.5389173379111873,50.0,70.62314628722277,154.89742228212447,23.85913433789841,73.55555659020712,16,Tap,Lettuce,172.98677645799714
5.725828386778584,2.43480296005283,233.5349881912291,40.310537313131974,156.51684593626527,20.093912833523113,81.4948089432392,14,Filtered,Lettuce,189.54797068771916
5.358178184622705,2.6778189294024752,144.41641487379306,38.0121199002462,256.2717392207385,18.431000022728917,75.70610559979187,16,Filtered,Tomato,185.64171342969408
5.8709714306671925,2.2067174516118504,194.32731266950066,42.758847167269515,140.52940535663362,20.126963830860326,57.70397530192591,14,Distilled,Lettuce,214.21859929561634
6.323240685451631,2.938397906279033,108.40376291497876,35.70007087611931,282.1336476627982,21.446423927032452,68.61417317273103,18,Tap,Lettuce,162.40095736035514
7.5,1.6131054004482135,174.5109562025028,51.84005473992193,154.96896326760657,20.18576600638536,52.06858456241352,18,Distilled,Lettuce,190.34204911612673
6.139662250265471,1.3776726483442916,107.86337747305376,74.3701768770434,231.91959628041914,15.383301828702793,70.72390311175675,16,Distilled,Lettuce,202.98657421212093
6.206040312578211,1.1106398755478608,125.0492415721678,54.84618909674044,183.56907621255078,24.691198590661397,69.50603412862539,14,Distilled,Tomato,184.05866006945257
5.940443267387066,2.7480221557445916,226.56125415467145,46.21469746810568,230.15937155411714,25.824625123836167,46.30183660467836,16,Filtered,Lettuce,218.8295576006799
4.5,2.327182828177029,142.37270396946613,45.62283096626684,172.79429989429036,23.954565974018518,53.38216156087636,12,Distilled,Basil,188.96804637487338
5.978788899640627,1.9722076645447724,158.69731492718893,26.552137869550144,191.8603546963853,18.58694298872555,62.16861103256233,12,Filtered,Tomato,212.5838208285711
6.048184167952821,2.13998431315991,184.80270922755017,63.246646657207386,202.04595876978607,21.395525398157446,61.991402528591735,12,Distilled,Basil,208.6644914321358
7.5,1.4372554763508116,169.82727551890417,48.83244204480797,149.89062721092637,21.980436054311625,52.90523064581195,12,Filtered,Lettuce,200.02924355198937
5.846111228175102,3.222875989808413,156.01675620574306,47.29280129614062,237.0412172710063,23.79638316868573,68.88978729352183,16,Distilled,Tomato,216.14274139961253
6.24123787386689,2.0646105909876136,164.598440098649,97.8966135176729,174.33932167642075,24.005021466154243,67.51473608940512,12,Distilled,Lettuce,236.03387059220762
5.972230584235805,2.0546973973024465,246.136623409531,54.48129362548529,188.57000423299908,19.797478603664512,63.05730868021481,14,Tap,Tomato,184.04155369573388
5.065057569904374,2.362883311949346,147.6952481186566,38.72313424857224,150.28253126957438,22.245986669240683,57.44208499841637,18,Distilled,Cucumber,182.8834586424432
6.914258251612017,2.240504615868357,158.0439618685987,43.60463605691685,100.0,23.371841213845723,75.48707126416564,18,Tap,Basil,175.5353163106944
6.60154642614942,2.111942012139566,192.0261758403045,67.22668563795132,190.44861186999154,26.3674669664403,81.55407113088296,12,Filtered,Basil,200.34936954486676
6.632825557634438,1.604762772277344,194.22103731831936,51.69905615806647,320.6307710806458,24.113519619474168,60.16438516153463,12,Distilled,Basil,216.70124784506697
5.272490036164209,2.235734178567998,197.4812122224152,28.4258303252395,239.2302143949012,24.367170062126558,58.878330828451794,12,Tap,Basil,177.18543890099366
7.12223544874888,2.941012248237517,175.54920888116737,63.78843401862805,199.03698101328027,22.251479883788083,69.91207665411996,16,Distilled,Cucumber,189.33914359185957
4.878519149766175,2.6727100230774887,104.27980349078067,39.97783871691509,186.8554585395866,26.23137743561051,61.419706202530136,18,Tap,Cucumber,138.53976621860807
6.469485675040216,2.7965933133196987,215.33726129204382,78.09946664326318,201.12329464060232,23.22928838787849,63.60602799336766,12,Distilled,Lettuce,231.81932691311974
7.5,1.7443921617844074,104.14618427925248,66.20072098571973,227.3559557587605,19.416736269479287,72.39653151724671,14,Tap,Tomato,167.99024034909374
5.207570939895449,1.5051975898707095,162.10541860956133,43.29017156511873,140.95935923455775,26.21010991037557,45.906439124927076,12,Distilled,Cucumber,176.53740542486642
5.546961816317783,1.937106539950176,119.82896599922569,69.2152454260267,255.7160847334436,24.093709817617082,78.1830232485267,18,Filtered,Cucumber,191.18816591247497
6.079721092070113,2.0278624561443475,147.4344661362803,51.01783265791105,235.76906577206222,20.670867936614552,65.72680524329341,12,Filtered,Basil,224.30145286466927
5.597219476707041,2.547095759235474,163.1504964121392,62.79160512683329,235.90928628539672,20.56152109780227,60.8850685543782,18,Tap,Basil,154.2128633804361
4.759469255147094,1.1537676851425904,162.8542886180109,57.27099225941712,221.92378694048637,22.889726635422285,64.1076584577855,12,Tap,Lettuce,188.86075958379232
6.054850379844821,2.764775159730307,166.8768301694114,37.3046501751369,200.98083288469948,23.389554385802754,64.62429355020518,14,Tap,Cucumber,186.02345398444805
5.150157029019116,1.9209960507105053,214.54845076234588,40.346752515238066,233.643061798341,22.59187679689362,47.68798696555075,12,Tap,Lettuce,189.20499206879578
6.378873944508145,1.78655946502629,168.1413720605592,65.44941226371742,229.59070668706892,22.933926020328656,79.94938227453235,14,Distilled,Basil,229.9352735057551
5.264460612612957,1.4939478123699161,140.23373458837406,44.97837001840189,182.2979644529488,27.099872123729142,65.41325632270619,14,Distilled,Lettuce,180.83125325055101
7.239947524014031,1.1725716640671153,188.56348673153428,43.94527305137005,171.31991135515494,25.214629456704657,69.43002130447375,12,Distilled,Lettuce,200.52390217051675
5.373397366131011,2.4115852919809573,197.57881955698562,35.673161309759706,205.09281476309934,22.571906773795074,74.51549770574043,14,Filtered,Basil,200.37193821713845
5.742350787035459,2.0366589835942017,100.89568739452031,56.353985983901914,277.4510075747594,24.82393174230245,54.788375424396996,16,Filtered,Cucumber,214.49368119473948
6.650813773895736,1.355019550129473,173.8960027939943,80.93787378864718,138.04464621730494,18.90242828941738,69.73471899035229,12,Filtered,Lettuce,186.65311509414812
5.015308546852836,1.352460613968192,178.04690969243592,33.9870062861859,126.623736712378,23.193781149840426,62.32358909101207,12,Distilled,Basil,176.06039455435956
6.181967947683304,1.8321076503549358,138.0974598656003,50.36329185009137,208.23804206182584,27.427919049199332,73.46770775216494,14,Filtered,Lettuce,215.06127939719875
7.045714203425943,2.8345107626446966,205.02827253246477,71.18330833123144,202.5443850928009,21.345862313822877,43.727725796485046,14,Distilled,Lettuce,202.1868865831919
4.714013412351018,1.8702043243181976,143.99777651869894,48.805379131314275,208.66708321852042,19.457098214142746,64.00905699758731,12,Filtered,Basil,166.71945804215792
6.147707086825843,1.248428523440947,155.0230581388617,56.78557694374601,212.197659895425,20.043733334220818,58.97179344216038,16,Filtered,Basil,189.16882341915746
6.207906235398739,1.877128467957028,143.0771270286452,34.0640970777968,188.83988726825976,18.731100887972836,69.32262950634156,14,Filtered,Lettuce,206.0635744554014
6.625458297421848,1.8636382151261648,150.6231619032587,56.42460645811473,274.4931719301041,19.64571427561689,69.70044187368202,14,Filtered,Lettuce,218.96461752907194
5.010439431297534,0.8,106.14899652419193,47.192836024931765,119.95480107617422,20.88847570422991,57.92374105177974,18,Filtered,Lettuce,170.24288608897677
4.943634709532579,1.9728525667410939,92.39796469622823,64.78594993519795,158.5751487609877,17.783298942464075,57.87826135823956,16,Distilled,Lettuce,149.7618555452918
6.417553252493518,1.884532734895661,213.78020252899887,67.81079077347127,194.83726199254764,22.046855001848808,63.89334631442671,16,Filtered,Cucumber,213.24161882276036
6.237587738586549,2.3481031824067093,116.12154606726689,88.84345463027921,117.84055944229164,24.70683152135994,56.033577726847916,12,Distilled,Cucumber,173.55162029480704
6.200394280276702,2.9244780474726726,110.34430602174771,58.69449759820363,191.20727977839644,19.27673145955924,73.41983695452127,16,Filtered,Lettuce,163.70264507317776
6.2771585675975805,2.5632825147738787,63.86439545585141,54.886944748732496,283.0735082864009,26.557851770925307,61.30792799552554,12,Filtered,Basil,149.15437519738356
5.455980222737208,1.8655556547225847,124.44153009241991,52.91576452366004,201.0443244147981,23.532376265582784,40.0,18,Distilled,Cucumber,199.9517910740247
6.185802957728803,1.4467370456291648,97.07640826370007,44.702505607839676,211.5350452859342,25.09174175687217,61.25177943378194,16,Distilled,Lettuce,202.16241038305085
6.234457978638945,3.28667990162493,215.68060640545477,55.077257651925365,136.991761741371,20.02649633844359,54.61456179156028,14,Tap,Tomato,174.58880762234315
5.428518865578906,2.029609217007244,190.39268357370537,45.56897884791456,169.18192959802613,24.563575681199847,48.687241845390545,18,Tap,Cucumber,204.58879310964278
7.492619608915805,2.006964645956473,122.47398619289105,52.52691464404421,181.24018098380316,18.72419829881406,52.62573361777427,12,Filtered,Lettuce,195.47760154022208
6.37906633672943,1.9879374564449983,240.09743221377235,69.7639630341194,184.1142451621883,24.670742502509526,66.0940847183297,18,Distilled,Lettuce,242.10504847299683
5.046957202237881,2.0990423803839273,189.27061947966376,34.90186152080538,264.08218975018843,22.515518019380593,78.28640828248231,12,Distilled,Cucumber,172.88087965428852
6.525242886907064,1.9278197940380288,137.0067446596551,67.09817841693568,227.88455303625622,23.65975365995435,68.1318447386498,18,Filtered,Basil,203.3077060328042
5.220254663818142,1.7131689965598818,50.023771405057076,69.75672601009798,144.4271021531484,18.473216183125444,58.934966117842606,12,Tap,Lettuce,158.86230041919362
6.629667682993961,1.726570529379804,241.63770290362967,48.22897209513382,212.32523892160023,19.314790473170184,69.55904195170703,16,Distilled,Lettuce,205.68663692363606
6.926876463205923,1.9836233648920008,94.41710132945616,20.0,224.91108742483925,23.791684654760154,60.40909689781008,14,Filtered,Basil,184.1923705436874
5.343454145318631,1.7282876144331176,84.18405012172433,40.882670193583515,257.0074519260633,19.154955987327398,58.05399630836855,12,Distilled,Tomato,196.9779323487875
6.770700903395458,1.6435771086614177,190.90281728038562,69.45491819841664,279.02703432841867,23.38961887629737,53.456373317670156,18,Tap,Tomato,193.29160473922093
6.330224741549198,2.0532151138459485,247.59009625357092,49.656979065516765,149.24529040860656,17.898586580619263,47.48171193248281,12,Filtered,Cucumber,199.09644698940642
6.657648127995592,1.8725113912895723,205.37091274042072,35.01046651557634,159.4571244394831,24.544522638000004,61.100762934405545,12,Filtered,Lettuce,209.51758547167472
7.5,2.7519964942913444,172.55636480209438,42.42837618157674,137.1211070542692,18.302430055694472,66.58053489920133,12,Filtered,Basil,208.47829394080958
5.803689507197704,0.8,173.79017366661145,62.6093003975683,188.29900704465092,23.65689981303857,64.0337632998511,18,Filtered,Basil,191.3370409071318
5.397011068514008,2.545753425961231,184.1366223512123,58.20100352302069,223.31791872231673,23.876892800938002,60.84033072052641,14,Distilled,Basil,186.793928401661
5.2883884562995815,2.6230425962488146,180.35714359147062,46.416018512454585,249.3667258294551,19.909684544711276,55.542539393032186,16,Distilled,Lettuce,205.2830759335028
5.3473517720276496,0.9633048837959253,161.24765695877502,44.49763382277969,196.20244881787386,23.74607970125418,71.08246191684968,14,Tap,Cucumber,164.55076285937915
5.938318632468716,1.8286562029598257,154.16804415807505,44.12362776434267,184.0076238372578,22.78132679000067,51.82868080053415,12,Tap,Cucumber,210.17008283244812
6.272921579853315,1.8142795670021044,147.4962748840191,36.163847232522464,207.587899612437,20.383474431421785,72.76027913843475,18,Tap,Basil,188.7109838052859
6.2213526394640155,1.2962441526410893,119.84141644533295,74.23063534204162,158.24285491849884,18.974335947771376,54.97782981073275,14,Filtered,Tomato,176.9676950613587
6.661746599228819,1.6110916562045623,138.77299692532904,45.1651929618299,304.47693608473867,16.112122924982263,57.47564762646965,12,Tap,Lettuce,183.66207169121765
6.010401513502326,1.4447120772670856,82.28172743218458,68.25737781238244,119.61694864409706,23.04895014189908,50.33214809384323,16,Distilled,Basil,203.70689132296133
7.1628272617258535,2.8761352217118112,146.06641492821,72.81974077883677,209.23702894478623,17.305591685913836,59.98597853114363,16,Filtered,Tomato,176.5845350594388
5.788274533409635,2.4678391965737307,110.4563557139633,64.9746634722194,301.18031096148195,22.286032598323924,74.75312458477978,16,Filtered,Basil,194.52401864029147
7.5,2.6357775474970793,105.85642731136916,43.52569530922928,200.3399922279999,21.209655351753252,70.15628088443957,12,Filtered,Cucumber,199.74941323381753
6.500533878212005,2.3608360320216177,157.19576604613914,56.05595135504914,190.49804824992526,24.037428326314586,74.78422112028035,18,Filtered,Tomato,177.45247519836613
5.314273954866974,1.4354741143913854,205.68009145378397,49.63706590413626,182.12772885947865,21.093863501530407,70.22142545933936,14,Distilled,Basil,199.0536861336767
5.14328600155111,1.7377398668601132,186.7326642400925,36.44447208904808,190.98041591187962,21.011656640958726,53.96330171469631,16,Filtered,Tomato,196.88088582166006
6.385977932194548,2.244687280613959,87.17997585507291,54.865389225824046,268.6424237338265,24.195612112864886,61.692107756724425,12,Tap,Lettuce,173.64908557288425
5.821229771739319,1.3889360955540273,110.4148745371865,32.31440313260296,100.0,23.005174087252353,57.19800870882537,12,Filtered,Basil,191.5416380170362
6.5712003952736735,2.356499215086194,187.63084751952863,67.81519082692346,276.6716850648163,22.948467871548335,78.3057490403904,14,Distilled,Lettuce,194.99973103377008
6.378590099658836,1.8798373009209324,110.70050425846762,43.03074054052411,128.80214237749274,23.40780276942558,53.03211353573688,16,Distilled,Basil,204.8928800760964
5.941736869874502,1.8125895962252012,141.01467400011902,53.01739483809259,186.66738353827927,17.393283630378683,73.93697689389111,12,Distilled,Tomato,178.03577195662345
5.322565025545276,2.3554799841017457,172.00208396098208,54.24931807319213,178.5377789850669,24.270366039960948,73.9295387010877,14,Distilled,Basil,205.83287346889415
4.788122220251308,2.22213165574302,111.26622180545459,46.11642539443884,229.42766348853598,23.837406382040808,83.29620201716088,18,Filtered,Tomato,195.734847252364
5.642788038346383,1.8195169170904602,154.2150202458384,58.80040702212912,120.09378240581262,18.94995061427051,60.903134073705026,18,Filtered,Basil,208.22547040736023
6.6851190354587775,2.579664901682124,96.63898020327181,42.876445150662136,223.10863330409714,21.267758578977396,72.12322159580162,18,Filtered,Lettuce,198.8636074848779
6.171274995304163,1.4594683362000513,125.94529424195144,63.06945946185866,301.21548116434263,21.882078137117105,85.0,16,Filtered,Tomato,192.2403762483549
5.00340897703041,2.307967803472132,162.7912773657015,29.810304796298773,131.84129977035948,21.5965096467948,58.82358323066303,14,Tap,Lettuce,177.65408331991588
6.1385447406809455,2.2965506289841917,86.28025065873322,51.89569369319618,209.48530838051977,23.001579899705604,49.6495975246764,14,Distilled,Lettuce,223.58537091913104
6.308253903783069,1.845226780343005,167.61898951841596,79.08393498587427,166.90089111016954,26.29410034549355,46.19989966092236,12,Filtered,Basil,183.09152550812448
5.2929140510390935,2.163066511121059,149.21448804293274,34.995030130916376,221.29436030965178,25.245300183018486,72.12712028861331,12,Tap,Lettuce,175.18151821471196
6.122980084756422,1.3744432118073484,172.0995981766859,39.83382544212723,200.9573888707876,18.06334241970578,46.168497919414165,12,Distilled,Lettuce,205.29507337475943
6.0465669747568,2.4620135096034503,158.95656536258645,57.708617744883725,167.92565454778452,23.866209970918145,61.27680947062077,14,Distilled,Tomato,185.47846329891428
5.085623761735501,1.9075489317785055,204.56561719895376,52.69372672909397,224.3936142435537,25.986799958606227,69.37313187038961,12,Tap,Basil,176.8169760649482
6.286229888278626,1.7386384897404803,155.0089801059163,55.25945148910339,290.2174054893371,23.16042556206761,66.85175536829914,14,Filtered,Basil,185.86605905521773
6.448627621094587,2.5245046129184447,132.82377835498988,57.337806952214954,190.45481041363507,25.2729412755579,69.25444864184172,14,Filtered,Cucumber,179.75898388094907
6.866440994540222,1.6478281547286204,154.89190012129134,59.52082202842655,235.98789710740908,28.036811337102296,67.22289855800854,18,Distilled,Basil,193.63750184032526
6.843041641627923,1.2957693518182203,171.73192116145552,66.64549762934334,135.3363521064418,25.071128638320943,77.78865813313394,12,Filtered,Cucumber,182.0170856305903
4.8978645056343275,1.2216854132380481,151.95440281302817,56.147279853927685,152.17818115909955,22.747925786925187,55.476836192612026,18,Filtered,Lettuce,203.77848781691597
5.249739968067901,2.30300497567282,151.6236676481553,46.38113518072186,223.62031389401886,25.13526542225426,58.23004861541469,16,Distilled,Basil,203.3508295086003
6.412028213766928,1.3597853237518585,121.92033248772978,60.08860551804097,274.20580142679825,22.434663499290675,57.27340554729176,16,Filtered,Cucumber,191.51084635531987
6.411028760729767,2.8773970909921824,123.48396329796208,78.49822902342824,217.780667439283,22.071709129854867,73.3019181186261,16,Distilled,Basil,197.01774074926607
6.412038149044839,0.959035296058139,93.89578912801227,48.010493804261394,184.3470984738423,20.9457572928588,74.00398588395063,14,Filtered,Tomato,186.83048817077076
7.5,2.848228184145019,219.98306972747758,35.38206042994038,199.9645702711677,26.690240076496323,69.51225319318507,14,Distilled,Basil,200.97943996624105
6.456712408554534,2.1055087336013094,100.2454705843486,66.60621003930459,137.47961330151412,19.544714002173997,76.83493666889927,14,Distilled,Lettuce,200.33328857194923
6.908452512144479,1.9516434440648038,122.28379208816371,48.19428254069603,230.22576631776835,26.59710317403435,53.21959132623619,12,Distilled,Basil,182.79734560027845
6.7632014107945615,1.7275404565955252,121.2637093772321,20.0,244.11665311617045,23.499592371221112,81.67224111551137,18,Distilled,Basil,174.76336191747592
6.521113001044639,2.1995680571760357,185.79697507777766,62.711325157256326,177.39548335834598,17.802081475594175,80.23238621712258,14,Tap,Cucumber,160.67817309888792
5.747784604287723,1.9811826487875759,138.2020128683189,41.97007721069116,176.49789261202494,23.102947878974266,72.35621997245747,18,Distilled,Lettuce,217.20536123894817
6.607175376394614,2.5516509410082606,199.90968290694934,48.64200076543759,213.29391148260243,15.699920477045127,82.8179890877106,18,Filtered,Cucumber,189.41176676627086
5.381739828369943,2.0571138243310196,123.06037503024527,54.979704958535216,178.16401319797023,23.876524050493106,48.43376792322226,18,Distilled,Cucumber,198.15605259779863
5.810545114607993,2.0751508807309387,161.15976648895207,52.857495196685996,196.69336926870886,24.655694448966972,59.755518637373484,12,Filtered,Lettuce,203.67883557851107
5.611709161736718,1.818193893893072,116.58611786960971,60.64177725708559,304.98608945832575,20.22293213304384,57.64696539318048,12,Tap,Lettuce,223.90382702145266
6.065499311509058,1.9715271881394663,235.80596511093552,43.46770444145235,187.64871496270015,22.370643087866746,72.21479323757343,16,Distilled,Cucumber,199.73521714760355
7.5,2.1539008844460295,102.49606323881949,57.69658697264124,182.0829923989389,27.86247230125086,54.498592603978544,16,Tap,Cucumber,181.22970708995427
4.506187845926601,1.144915803671687,162.3928284090811,46.106799836241244,167.62290971824206,20.48275988721419,72.57495149337485,18,Distilled,Basil,181.8847034221096
6.549008152299611,1.3259072889471435,175.35107523728394,61.08215721331254,237.20959857499685,18.823277238830197,78.70536143996713,16,Filtered,Lettuce,188.53673837410358
4.709827303048279,2.3716320470113574,166.55196389805994,59.2305122601958,190.93879133909485,26.444990207387796,71.95202900084,18,Filtered,Basil,194.85828396056564
5.622454507368453,2.085432719063971,142.58849364489166,35.96841946933107,167.5313480839287,27.887761571592385,67.83751023661502,12,Tap,Tomato,185.1941741210583
6.871160477573893,1.9080083318236605,144.80717201066295,66.28973174262549,266.06520161365063,22.01108701554354,55.121266590992505,12,Filtered,Lettuce,211.31236002093326
6.05142401527637,2.0092169665326964,151.75245887916438,41.96054832328928,270.9801502256819,25.03438910622507,56.53149033874635,12,Filtered,Tomato,199.09643965945807
5.137804177656555,2.1737908526808356,144.11991993486046,62.12086697421718,169.97882171306475,26.024427746592643,77.49618905296667,14,Distilled,Lettuce,194.67157135280067
5.427757032592026,1.7301201598453193,188.55516467179638,55.50930970102011,106.6730024319692,19.772547302384847,72.79349003905332,18,Distilled,Lettuce,236.79799076492046
6.543678199147741,1.6108476372988436,238.42092006365405,77.57275515192684,250.3756844918461,20.544082493896394,64.60980480622456,12,Tap,Basil,222.75783295418407
5.415706694626291,2.097922627548841,127.70032859968666,46.64801026442222,165.7685087119998,25.692623539464204,60.8209045423411,18,Filtered,Basil,202.73281800830398
6.17316687166558,1.510813611192484,95.20788081683689,44.760248058227035,239.53127995813844,27.05504283612553,44.74192126888623,16,Filtered,Lettuce,191.69281200739096
6.036457471923051,2.2041263778572358,146.46871806594982,49.708705911684014,101.49480911440823,23.688642580523066,54.291475813155614,16,Filtered,Basil,209.13725310719985
5.478719721915346,1.1487081978810798,250.0,45.452303257485866,244.62986691496548,19.360556939493836,84.11419087139723,12,Filtered,Lettuce,204.38952044061358
7.5,2.514577818662822,117.85301728121077,61.99912852913075,139.44140353596094,27.961183335098323,52.195444289975335,18,Tap,Lettuce,172.3269084138909
6.507135217854409,2.2362987412065216,215.5646722177627,25.755340873451182,236.5382059533262,20.407087306564108,66.8947982122108,12,Filtered,Lettuce,200.88236558349976
4.5,2.1280148671569377,217.10803256305763,34.194763712804686,200.7136533918217,20.994586656485644,75.07443973195198,16,Filtered,Cucumber,183.40049003497765
6.149163451815542,2.491345491972757,127.85647033168021,33.9829561763121,152.30302903016775,23.027013503468865,52.450773319977074,12,Tap,Basil,135.9108663488657
5.47057082818529,2.8327372222312883,172.75932316741103,64.25461387960364,179.64818435366098,26.662481262144322,66.84710474781083,18,Distilled,Basil,197.38170234978082
6.681946667836979,2.5071850325090654,215.1358649251415,75.65920058872888,234.31592284783505,24.561927929656672,74.37915537510655,16,Distilled,Basil,196.13825065487714
5.36598340925384,1.0795628843341774,134.8348903605005,48.433261721937924,205.29472265576172,23.24459650108573,65.12499321907251,14,Filtered,Cucumber,209.37350768531053
5.9082108468264805,1.3602115166321491,141.85678559590554,47.46767415214984,229.22064902362422,23.38986559035432,85.0,16,Distilled,Lettuce,201.13921660116407
6.403989823184366,1.6875907111521606,126.73276344205425,51.050782446697724,298.82202922577426,22.1305440059304,48.31400741121804,14,Filtered,Tomato,176.56653127228907
6.692604155336097,2.013045525105417,109.40973077228533,67.42817453912286,121.78791941444743,23.674418543555518,75.5872852988388,12,Tap,Tomato,179.1718574247398
5.039762874355379,2.2588295102345617,124.02889819735972,36.089702987141386,280.86062874843117,15.0,63.27198262603535,12,Filtered,Tomato,165.1542271650239
5.732399011327241,1.6371280934232673,101.04238932950975,53.57553474102178,205.21779687616063,21.110177622790605,72.71920154836675,18,Filtered,Lettuce,208.99528075779838
5.620043751071235,2.0933833822385393,151.36333873036904,64.62796444673644,155.0607975838436,22.723965804750343,69.41307151699246,14,Tap,Tomato,195.40353714358534
5.477336613941031,1.6223085338233387,119.20107075765432,57.51641254909768,133.48431871305053,18.546957749141477,57.668438028900034,12,Filtered,Lettuce,205.74361429402225
7.4123633922248775,1.694241098504026,159.3514364716299,52.843724248981154,190.54398046114832,23.15896995343468,67.28996392459341,14,Filtered,Basil,177.70106238188706
6.323985368768764,1.2966694515758888,87.76417415185492,65.01569138850712,246.08250559622297,21.386586337041635,46.42098548601713,12,Filtered,Tomato,186.2369752061876
4.991292836531963,1.5383833769445479,163.2352092885783,20.0,193.6225439811233,27.266427094946472,71.03247500571393,16,Tap,Lettuce,159.65294892787736
6.734289557643821,1.3241576971918332,183.341158464357,60.16812979296361,275.5577465123674,26.719059175644567,67.98158465990525,12,Filtered,Tomato,199.86632328549524
7.5,1.5120633735113336,70.25057429714178,40.188864753088644,127.44121549742205,20.602583292645512,71.38660168643102,18,Filtered,Lettuce,187.01299861625998
6.825972208440918,2.52682089830392,164.96226279390288,22.540506547153146,199.39555260769728,21.547486865299913,75.5811832508715,16,Tap,Tomato,185.01004408027742
4.784504027236789,1.5253005555840284,199.10675969893168,57.66803899287471,137.38032777934404,21.778157303174822,68.67619840209711,18,Filtered,Basil,192.06257777803506
5.612612741706998,3.316191032418695,101.61435925235179,70.60487817744436,218.1815941312484,20.64502157152113,66.48089419798276,16,Filtered,Lettuce,202.16739635033738
7.013528919349298,2.2466589504404446,216.90289547350812,47.93827228058462,244.34436950486503,22.58507495208438,56.18931663338708,14,Tap,Lettuce,222.7411898076013
5.433864427504975,2.092418061847437,166.76076037464182,64.29311820804408,178.96191031594734,19.725153793337228,57.87779236350949,18,Filtered,Cucumber,190.01889499357483
6.355055542516983,1.5708211099093932,121.79952576966365,74.18417386982968,100.0,18.608153995187422,76.86734620177332,12,Filtered,Lettuce,193.7253954787975
6.61970724274347,2.350154939704496,147.76923689369175,69.72371680376071,209.94740733982474,23.868133671700807,79.36335405705978,14,Tap,Lettuce,177.95475203488357
5.258455622737534,1.7121810868811131,172.33307650086888,74.59946794057089,221.83692758667547,23.888588752665434,62.61889563687946,12,Filtered,Lettuce,192.9654634237149
5.95237971515056,2.0610049073226806,153.04021565649646,61.13191236607838,220.21473774808487,19.587052721020022,65.46002747253274,16,Filtered,Tomato,204.21863129886387
4.5,3.2800422691343973,171.55023969785478,51.13150458352389,261.7891095911077,24.686066292287798,55.95385625006234,16,Tap,Basil,190.88053797057626
5.180489886932568,1.951970050137675,113.17305627682535,25.970512821542474,146.44731601754756,20.105266812504006,76.72756845267445,12,Tap,Lettuce,178.7675846089031
5.797945478885472,2.574636663142838,156.77443296144313,46.30906267805077,234.01080527252248,22.759495714113942,71.65416823691778,12,Filtered,Lettuce,200.12848989407547
5.00177345442812,1.6484117874370563,93.4514201238008,37.35130107025712,259.6253756238988,24.46103203783737,84.4121743646375,14,Distilled,Lettuce,183.61487022095906
7.3059290431453086,1.9825057547515192,145.550957546052,82.5641407624672,111.07062079967416,21.89916230588886,56.21676922820261,12,Filtered,Lettuce,187.99109847655697
4.8558868976314935,2.885400317817755,113.84369434140841,47.36171281351495,215.98259129594885,23.364222736423404,61.21992100981783,18,Filtered,Basil,188.69748108374165
5.6479644106424125,1.6865164711061162,120.57880229640934,51.848072101767286,174.7910084496164,20.450711068337284,67.31445922525572,18,Filtered,Tomato,169.45796591522964
6.104592461828873,2.9062242789984642,199.4437270084175,58.272280640607015,195.9238663449177,21.41060024971571,71.4648953772577,12,Filtered,Lettuce,223.34444714915136
7.153018631252893,2.353875967727738,193.65240482377075,50.654036695586804,217.38382417691682,21.38242170735898,62.84332362452368,18,Filtered,Basil,187.2185171925933
4.851310279056449,1.7187666120528662,174.36552483628708,75.4257656064613,175.6385717943224,19.76026496037928,56.270389095462995,12,Filtered,Basil,202.24201273186503
6.930531001723968,2.3162038695277607,106.30748941309685,40.66025957398322,166.2145960419194,21.469677510652655,73.81407528923572,14,Distilled,Cucumber,164.61613062097376
6.008186448815669,2.486277224813365,137.34366201220791,52.91911182855864,201.70762087440124,17.35414510340876,72.21135362545581,18,Filtered,Cucumber,199.96040070601438
5.214793079161639,2.310904981108598,198.52390799916733,38.86294121452927,145.63770305685986,20.526538758573686,55.83725899436275,18,Filtered,Tomato,196.43402181103426
6.369682779410617,1.214887640054772,155.66867654559618,30.199662331689414,145.70874355574074,21.14537351989099,78.55442801105495,12,Distilled,Lettuce,197.797084451399
6.159247756458776,1.6364314120875658,242.7731815992678,40.82346363642072,233.96866414782517,21.23146074251386,76.70198709196603,18,Distilled,Lettuce,198.77655781025672
5.519826498272964,1.8762406822242477,165.73271357577488,49.44444804427382,142.5602982420672,21.275507662387664,66.34296497247793,16,Filtered,Lettuce,208.0379917513042
6.0558416679920155,1.962783285449977,157.68196465960125,43.5604666322411,233.3156250454606,21.814707400419614,65.79597862376036,14,Filtered,Lettuce,196.0968750847709
5.691749122510592,2.310336048775339,137.63534143189995,39.61368530189216,223.12956464269757,23.43832455425819,70.54057771115907,14,Distilled,Basil,196.4395058396057
6.090813876200999,2.088850500466627,155.3416361912913,28.90523804492249,113.70966356047016,24.623551222397566,56.38296929743742,18,Tap,Tomato,198.0659406132675
6.529704539616837,1.3323278206449494,143.90120654477823,48.75341641056958,166.12176738321725,20.0507043194552,65.30031479164082,18,Filtered,Cucumber,199.2939587172048
7.268813452916282,2.1900989255029817,178.3243470675436,27.429194389534967,259.7054701523686,18.390397433832568,43.4761645539082,16,Tap,Tomato,172.91841588664104
5.009747600938521,2.3052928726419117,188.26809267178336,61.40083945534404,150.94172344301592,18.87386676327069,73.76455645502935,16,Filtered,Basil,175.10371454901713
7.5,2.2798952239655197,118.56042157968201,51.23659629401755,176.7797868845306,20.53839123641522,49.385067775581405,18,Filtered,Tomato,185.1551481332399
4.5,2.540390362777311,96.75068185768887,28.13672750802604,223.1030446625948,20.944236046550472,80.03419828428999,18,Tap,Lettuce,176.6275942320261
5.878571923971533,2.416961077274452,76.55178507586814,45.36186384425205,239.16952546412978,19.69001180140763,61.698799060335496,16,Filtered,Lettuce,166.1818783455239
6.470653765187661,2.2295900396142185,170.31965307650174,38.71765391614125,187.42305569777523,18.11165000725032,62.88333018068823,12,Filtered,Tomato,200.18600127009563
6.2247934941880265,1.9649171442706765,105.86533575304506,54.78761765628771,170.12449026541793,20.631637517577435,58.72266093915494,16,Distilled,Lettuce,205.94988638038785
5.501840384143525,1.1695195332420043,63.884376281900686,70.10675669034717,271.1184930849254,22.544279860341913,62.11961126077924,12,Filtered,Basil,212.858275015078
5.83350219971418,2.2148091095662927,165.54314418123857,21.87241295531383,286.94498318987894,23.785088397506694,79.18531345148037,14,Distilled,Lettuce,190.04749870719897
5.605599252272934,2.1038438435815556,249.71998069731163,51.72539118721126,248.94290253908977,20.327730840675038,40.1219134346492,14,Distilled,Tomato,151.65688286818818
5.528508194444631,2.1357894185976867,149.75716353840426,47.59800806650039,204.2659071282512,20.7610065335697,77.76965386088187,16,Distilled,Tomato,198.4469849549889
6.67968167761682,1.3616257120898454,183.53963097806567,60.07010114675698,159.5867139179537,19.21990507345807,68.38023481101708,12,Distilled,Lettuce,203.4263869311695
6.285612388772038,1.4594717297958688,153.2731743419026,53.19794942356533,158.47777967217172,21.90568248887567,52.929783521427844,16,Tap,Tomato,159.0919508933649
5.445672323791476,2.526576426666452,146.04441387235428,38.72046002391771,226.12570526328787,19.454714097427555,54.24687606950762,16,Distilled,Lettuce,183.33784197942106
6.7196799003466,1.9802224230716725,186.76305931951075,45.214190965000725,220.91991104443417,23.7193834397236,81.76393027208204,12,Filtered,Basil,235.92271328633123
6.2458396167012875,2.340750348686312,138.38901823245394,38.05961214794766,270.0799296473215,16.64240052419767,55.54493120057269,16,Tap,Tomato,178.69622711612814
6.650289695071168,2.0141591880652308,160.6956925628761,66.14010707897897,232.52250462680695,20.921110982642613,53.46649489404041,14,Filtered,Tomato,207.22386271585168
6.503703073538889,2.0148780697478728,162.86791224784054,50.319674730079136,124.8459849120091,22.903322017575228,76.37314542364729,18,Distilled,Cucumber,183.54981782884076
5.336803991262342,2.4691419029879986,123.27638185427804,78.5178602862951,252.5973808861459,22.551503548967514,68.38552876285914,18,Filtered,Lettuce,176.077736527279
5.551855167842424,1.741977635891313,189.6816939814609,49.090087792780686,150.09696863427936,30.0,55.620744234636014,16,Filtered,Tomato,178.58287490403004
6.597834884098609,2.0480603884704918,143.00160973218365,39.37389849634306,180.80143640238242,23.049400073703723,67.16624975404619,12,Filtered,Tomato,187.13106278354678
6.488296212346772,1.7688623556474787,119.77019362028621,27.29428411080759,212.5100103125847,18.98783620947397,54.742473163597225,12,Filtered,Cucumber,176.6219304171347
5.983278724828682,1.7827518862838423,171.46039374281614,22.952904856160824,299.7833744891982,21.713607258732782,76.00821398422605,14,Tap,Lettuce,203.08686792435236
6.093861906647025,1.8454139382656802,114.06128072835851,26.237960854917652,350.0,16.671260999600644,75.61370964873133,12,Filtered,Tomato,195.37644448279028
7.02213191663074,2.1110668858168564,151.12724629476514,54.00689976517225,230.33615295680914,21.75820075210972,70.32006198821944,12,Filtered,Basil,194.79529026574752
5.526742888931336,1.7606256891682612,149.63524013423185,57.63087534844901,190.8401690639806,19.500831828997725,68.61661061247017,14,Filtered,Lettuce,183.254118524389
6.43767790493603,2.6278780627867606,193.43582263326311,26.282139469518,226.7252824240275,24.746170826680483,82.61188124867374,16,Distilled,Basil,198.62202867060415
5.838245878052884,1.552696348890248,168.9879293151981,63.425574711141735,244.3827712936918,20.351379176213396,64.99686327388225,18,Tap,Lettuce,178.2715801992187
5.825855037418224,1.9065641779193205,148.99892165019423,42.75408422474841,183.96661872214042,21.64970225261426,53.181258745791986,14,Distilled,Basil,171.016688102874
6.879021481589752,1.7801344708629125,182.7106519680115,52.20189517978324,289.7605677956161,20.09332647578679,69.49473912832306,16,Filtered,Cucumber,207.8040232477536
6.660333079190424,2.7234889421768664,205.60830196069253,74.18330942383136,211.5035379595701,27.216554055559996,85.0,14,Tap,Basil,190.09790359000638
6.650807708800511,2.0982773882557875,172.3124122540745,63.452589737982976,224.88715445456972,21.036271701646264,54.85240506814148,16,Filtered,Tomato,195.72117035312002
7.044383045723463,2.5159222697343173,150.41410479373522,45.97204028141252,233.29621260272307,27.497671130437606,61.38537233306014,14,Filtered,Basil,164.04265658799108
6.016803073306208,1.257219813481514,97.52655070599361,36.63211661877069,221.07933053072279,24.4424552863548,69.16446038101452,16,Filtered,Lettuce,186.5281491920613
6.545562377035971,2.133525132934629,107.3954534769851,20.0,241.94702502348062,23.44620018200616,64.4609515099426,14,Tap,Lettuce,190.64841130472763
5.751786594725235,2.4448153978117184,137.79101182581329,39.212700211363696,169.13734067265383,23.10619944195256,55.176964196226855,16,Filtered,Basil,168.59557332976146
6.2593330819907536,2.0411419946377123,125.61951191362867,46.83304641758458,172.08491230269848,23.181391894648755,76.21857856230471,14,Tap,Lettuce,184.73220527791142
5.895885556505853,2.5327401875326756,142.52114788058216,35.19230709273224,144.99228835141525,16.21698226196317,85.0,18,Distilled,Lettuce,198.57359844995426
6.077596771994174,1.7413557749498139,152.26599699588428,48.031145493615426,221.9750615310113,21.16334981754773,66.96131459023907,18,Filtered,Basil,227.16222282135203
6.4761256203495305,2.70467372009279,171.18771017426923,51.15277824438152,238.9468251756057,24.535473913552963,55.95931710264,12,Tap,Lettuce,186.74810265101377
5.345423453413222,3.149449061809625,147.18004887763635,46.627160272878825,222.8886433075943,21.853308449577682,49.51039474946525,16,Distilled,Lettuce,204.9813017499999
7.5,1.8185807197801704,169.46006575304807,40.249961287648105,283.7246216673769,17.784430459589274,67.5797598122118,14,Filtered,Basil,160.76934561531397
5.195186094800238,1.7772487392996141,152.5789765924048,52.529820079500915,199.72019905854768,21.84278664826759,76.03877343316258,16,Distilled,Lettuce,212.9691469303435
5.028649109769814,2.7266922385588503,70.98133734584515,56.629109743541136,233.43708277962563,27.112316548766472,69.75167746495381,18,Filtered,Cucumber,164.19016836419996
6.926488698800054,2.7897860728653563,112.42658424724982,33.64401383835731,145.4149561930343,25.740675146604158,64.97596159081147,16,Filtered,Cucumber,177.8742980970308
6.6333301551703485,1.738569986423366,144.2364977711354,71.16398569619405,180.64501487627996,21.813987971901906,59.107283482106936,14,Filtered,Tomato,190.42960140056263
6.4992958536417245,1.7899065914520713,101.61221028635569,48.521178015736076,234.77688787828887,24.85434783117426,54.0783636728191,16,Distilled,Lettuce,220.1307347993105
6.502676407411424,1.8591076955697463,173.9971491998482,50.28274434417271,242.4551055371572,20.900478938895844,73.34751326324883,14,Distilled,Tomato,186.54073552237116
5.9902025817224684,1.3277747444828614,211.2300332937479,60.62321634884836,185.30165261679088,16.88838523951984,74.13771621385585,18,Distilled,Tomato,204.17117509162455
5.282196502811335,1.5406740267579009,198.75047406789267,53.49824196895253,196.42003740709666,19.226602035611336,49.54270213309267,18,Filtered,Tomato,182.28802981688278
6.060643646554981,1.4979296166239662,141.4622851627917,64.29704950869868,124.10631266595954,26.688666305524592,80.89838978180684,18,Filtered,Lettuce,190.7706478517374
5.45827063079031,1.6161012174479357,209.62904547399808,54.30686247802736,182.14853995966953,21.178020754512087,70.74071220894001,12,Tap,Tomato,186.3832697588509
6.780095786734201,1.9826575563066093,155.94669828808446,40.81343938039343,244.5191581759893,21.269848061874946,78.99594645145794,18,Filtered,Tomato,179.2446609845029
5.8823540947982895,2.1171073662682605,136.51656115527842,55.42255287809152,228.76025080532833,21.10048541117536,51.57872251514885,16,Filtered,Basil,201.86197194980016
5.339602242565991,2.7752502464070385,125.4638934583624,32.844106890190076,225.0332860690605,27.71240976871902,51.34175844584561,12,Tap,Tomato,166.12653251882014
5.742891326677605,1.5008229796306045,137.90121254047486,51.62839558664785,202.488684359048,26.87787674608619,63.51030690232703,18,Filtered,Basil,197.7463329557561
6.3303451634205,2.492161199238292,134.47292725835086,49.50155014033309,200.35315793140882,28.6563407003444,70.02784426895194,16,Tap,Basil,184.39760856071334
5.54902035775682,1.8930055778872454,156.8166488950195,46.8782471409119,166.98394302632764,21.522864368799848,82.96360822926964,16,Filtered,Lettuce,210.90747469035406
5.342223683546855,1.9752681451737835,156.4229592419946,48.07193732841604,234.94142101012673,22.886873466241283,72.06078913815132,16,Distilled,Tomato,212.53355863369273
6.19494976919353,2.337409746083302,150.1218408061366,21.772264317535413,221.0486472194695,17.450072351737624,62.573187231879665,14,Distilled,Lettuce,184.76493117344475
6.195973256886978,1.4386389892188507,167.47752678985398,41.76912638388558,224.60094239963996,26.430803278354823,54.73630792334108,12,Filtered,Basil,204.36418163537485
5.594445459703096,2.1912048730920253,197.62585099145366,51.39267351711672,173.698257866621,18.496661346196195,77.3000057271915,16,Distilled,Lettuce,185.32657359982454
5.6231693555053415,2.083226104106528,187.98216541765294,52.397845879961004,100.0,22.650326691287887,55.35294574249285,14,Filtered,Basil,205.18764768697895
6.185639949886109,2.2462256320040748,90.60408126200386,34.58487288611063,254.8576355876848,18.70809241710147,81.28468554772321,18,Filtered,Lettuce,205.3910002393765
4.8415325268021405,2.144584321953909,50.0,68.98561761297051,176.0581271995798,20.233399519783912,62.15615350393491,16,Filtered,Tomato,153.89125358262245
4.874028980498756,3.2276500699554473,187.37279644957096,37.007377276782485,156.86121179784396,19.4882127068509,80.9058207261785,14,Filtered,Tomato,169.44173029752864
5.4252446229980515,1.681130007874342,95.32485206338316,64.54185800790106,234.67394559569968,20.176374217972548,71.78931290059279,16,Distilled,Lettuce,196.79170937405038
5.829242278630522,1.7345015224990912,141.00938392429265,56.40791542807527,180.3993680040435,20.382631890553064,63.63004510557542,12,Filtered,Lettuce,193.8651124973461
6.248726052478403,1.6884297367876178,103.19547895762562,40.30659035234295,252.9968192023311,20.35519361522477,59.806036281738734,12,Filtered,Lettuce,221.956922278133
7.180284973559642,1.7222614404198726,77.9207824967992,76.62966338914268,230.85029747883488,24.500001735340923,61.5909212265392,18,Tap,Cucumber,171.8074262707582
6.686127698561616,1.6813064363467412,171.65850912819153,32.095447523652794,234.17846616002387,18.685411620812438,69.28316692375238,16,Filtered,Basil,181.2453087291746
5.872049176029258,2.5945082655537757,180.36620641210587,63.787312604150024,131.7022144399733,22.6616242810416,65.77156496217717,14,Tap,Basil,196.6311763311563
5.984787033677849,2.7102521239949273,126.93958397093122,65.00873477064468,260.59719926932,25.653877456916675,59.06188591931295,18,Filtered,Lettuce,214.6730019245134
5.197976508289753,1.714626853125262,50.0,39.94069686385033,213.0625265616928,20.460410906459813,63.34368589682368,16,Filtered,Tomato,180.98143641211286
5.985189491206088,1.5838222134478857,128.15022206990068,70.88697950096493,181.53614303768984,19.846243327757193,65.7857702971915,18,Distilled,Cucumber,218.41816554474687
5.769073088863889,2.235707778193202,165.67216021610187,46.24930228101571,207.16942336711256,21.30842612445925,43.71265905585188,14,Filtered,Tomato,198.5097441821495
6.258174848270472,1.7238884778595143,90.84353724903485,54.33040443919786,111.188238355084,25.53917562508213,69.58168114788698,18,Filtered,Tomato,151.26292543132
5.338215245158142,2.3164659088777553,157.33439679116623,53.90482758156831,220.43264057403354,22.582322892860073,55.20278775283193,18,Filtered,Lettuce,194.8228103056121
6.415477211392938,2.1014615104256498,149.38760603308017,47.98536887794178,148.53142459089642,20.406357116177205,53.46667596794255,18,Filtered,Lettuce,190.9479055844446
7.2261911304020625,1.242127942501384,173.17165998404354,62.16212409739673,132.36648570782327,23.45162995356412,48.1265565288929,16,Filtered,Lettuce,192.30011087841243
5.912991881234514,2.7737526006650306,154.78321473656612,61.902330808283196,123.88204068910544,18.693123550490732,47.0610750213211,14,Filtered,Lettuce,151.429317536346
6.3213693776791535,2.8979388365477607,111.07724236473777,23.772020401427287,255.63441874949626,24.044078531328843,51.44552496887711,12,Filtered,Lettuce,227.4342268925683
6.55211519336889,1.6936056547578069,197.86286006657966,69.56510364317229,168.53683031536056,23.225821923105304,57.9097904236951,16,Distilled,Lettuce,216.58340750616802
5.679023622491331,1.806149220032008,143.6588170789212,25.062620179464886,276.686385495825,21.076574586583348,84.53259137526568,12,Tap,Basil,191.40849597749286
6.179273985448334,2.1429326953624526,148.90781841960273,65.48819306512486,173.2099268473851,19.484242604658306,59.74120324104796,12,Distilled,Cucumber,215.75552187082258
6.010073920625436,2.1672283949935123,112.66928163707216,66.90057705241375,114.63210212035267,19.33995723314963,66.77750106268032,16,Distilled,Tomato,231.21847140317556
6.078140878839065,2.329272136336415,132.26870995233958,33.63550354677203,144.17377800256705,23.60445200903773,69.00481386506328,16,Filtered,Tomato,202.272931646394
5.381592172915627,3.005102269383175,114.60789143892396,43.83778568068123,261.79058100034695,25.686941507467186,66.3106518621585,14,Filtered,Tomato,196.19331803008163
6.019608139407154,1.9115263862529752,143.08215760306308,33.41442997271096,192.20509110316664,20.088076758913616,64.22556539274007,14,Filtered,Lettuce,208.00818778847392
6.39839863299636,1.6008513777307731,218.46833920569372,46.77618454566897,172.58563517546995,23.375160110654452,53.04706236400755,18,Distilled,Tomato,193.46160951134271
7.160914886236034,1.3103403859927365,95.12395428274574,45.379485737213884,208.0009112926394,15.738918944193793,79.50927548279212,12,Filtered,Lettuce,168.57769424169635
6.767416660868165,1.6345349800290405,85.45754408493036,61.6949079840401,225.08913680837725,20.246146808028403,83.07196643637886,14,Filtered,Tomato,169.38252893388162
7.5,1.9834365135631014,208.84681309974434,69.65463119179412,255.86994079512306,21.906823201387294,48.17341305877314,18,Tap,Lettuce,188.07881197743947
5.38612194968956,2.897278931758894,141.62705291392535,70.93525716184934,272.4249614946463,19.2709497490545,54.7597140911362,14,Tap,Cucumber,162.46623222625672
6.6978565093765425,1.7411943504819143,123.23709045360334,41.567479601325466,182.0115677105457,19.190480875631213,62.20189657622994,16,Filtered,Lettuce,194.1935278682467
6.146673604590681,2.111893975819449,191.59618749584305,46.86167189383208,133.6976156958981,19.99666133059334,55.35462205089809,14,Filtered,Lettuce,177.4628438537976
7.5,1.991788551963624,125.77537841052543,24.748427116685747,179.3267419438362,22.87657818497912,70.05965553455866,12,Filtered,Cucumber,180.88061530650134
5.353361371715879,2.594196636724042,223.04038854187746,37.911949002557165,213.01402532914432,21.438012944780876,57.71727797593387,14,Distilled,Lettuce,203.89562032199996
5.328222526255379,3.2634662129368106,177.11703485357077,64.47277449646187,151.81205368946945,15.285306300025084,85.0,12,Filtered,Tomato,169.34505485673043
5.520485883644782,1.7345656135398397,130.4835436741719,74.23374235322348,152.14245425524786,15.637899542094802,76.90548594343596,16,Filtered,Tomato,174.56248974520068
4.5,1.755280278740889,236.29232853062013,31.48476692180117,217.18939407749428,20.179404466428473,67.12574030632214,12,Tap,Tomato,227.27960050474283
5.579395982655392,2.522080438534536,125.77140307986646,41.11303611270659,197.56738242147745,23.373059758160657,75.26986263319732,14,Distilled,Cucumber,208.51313707092837
5.392693870757041,2.3409457448131556,179.68381488037227,49.603913645616096,201.63984977057933,15.0,76.05900424357309,18,Filtered,Cucumber,163.93968022229694
6.120315029180966,2.923353662868017,161.97170321625967,54.2024173822941,162.07523326499654,20.500809471545107,59.36052511941757,16,Filtered,Lettuce,202.19121741526033
6.2734047806217275,2.291964092662982,202.06965157595192,37.85594720117531,188.47996428971163,20.421256430447738,56.83782755458035,14,Filtered,Tomato,184.3191831941199
7.5,1.8203539546064702,212.4604478690741,56.36091566696135,153.7883427865848,26.165013334625343,65.78143062969647,16,Distilled,Tomato,171.27977276792853
6.76033907054884,2.2953274153461547,151.28016596263066,42.89240979393626,244.50992055623934,20.844934564861408,73.61636124497944,16,Tap,Tomato,165.22628106584872
5.538477075470078,2.554351790291454,119.86328518615267,49.78321593682581,251.76246673618763,23.148966954222786,66.39060398653417,14,Filtered,Lettuce,208.9956483092563
5.281268262921314,2.410241090598682,168.39888571756467,58.194263720055496,107.6906068880953,22.42377142026239,49.23003517809003,14,Filtered,Tomato,172.4339250165796
6.393535337205204,2.253637015553649,122.89138520991575,50.09633404716407,153.5244569903795,15.608300560578398,56.97175556049157,18,Distilled,Cucumber,198.66645977881717
4.943813434383486,2.533337344794577,230.53548990106492,43.45421164210147,125.17353724549605,24.30462164989521,64.26027136405622,16,Filtered,Cucumber,199.53523338660676
7.465167012683483,2.5846477952228364,155.4614132433095,48.35585294111254,167.49880327965508,22.646189516368864,64.2433439567417,16,Filtered,Basil,206.43402433527433
6.943552096577029,2.6910794955187636,135.38713794751564,48.67455561191997,195.82810151048196,23.52480591902377,84.72542176789808,14,Distilled,Lettuce,176.14281807616166
5.624659478316236,2.3243549437948214,157.38721223459635,44.449834551768085,127.51773901507349,30.0,51.14012057601002,12,Distilled,Basil,189.1784297541587
4.629492376727298,1.9164409598415728,96.11494841881213,46.11805905999346,153.90700934373433,15.747661181504235,70.05589241835875,14,Tap,Tomato,175.45514354726873
7.08309789933233,2.0733568432166614,111.13543845957395,73.97970755757075,149.80213139592507,27.174089949283324,79.8911310832829,16,Distilled,Tomato,173.283547358762
5.9083681237979055,2.6032544832541786,198.01655631777703,58.41379171911858,210.3633664699472,21.137657441798932,85.0,14,Distilled,Basil,189.2390445139057
6.99025304957877,1.591532164506382,123.72422884114417,45.56779522956259,203.4672168518125,22.861986713209028,60.95602576816039,18,Filtered,Lettuce,219.99219354394802
4.724457872964506,2.1843366544364504,108.1235606927224,60.45431606766103,163.91312233313732,21.863463264096275,69.914294527202,12,Filtered,Basil,191.69217603018714
5.5204999816369815,1.8033305938363196,171.46611010109143,44.99270765365985,208.8410436069699,20.72729099980587,70.69760357198646,14,Distilled,Basil,211.6389758229554
6.004194959774546,2.014372411467409,197.4281661865199,67.59686956379961,172.66599577063673,20.290501215283722,66.9548173155329,18,Filtered,Cucumber,193.4743476290881
6.037584475011793,2.6392259313036495,178.75813242660269,55.544632882971406,186.41724448369735,22.988526206719026,64.01154798760695,16,Distilled,Tomato,182.4982880271588
5.639947622816605,2.0955495340099515,189.84190743223266,48.39046783993657,283.67260451492683,17.448478909984964,69.35975389500047,14,Distilled,Lettuce,202.63889825398533
6.498279945877999,2.0232182740780744,119.72819645722157,56.715753887154165,267.0230525895174,24.251737502565298,40.0,16,Distilled,Basil,195.0693187213163
5.145903656493925,1.3200719295100405,93.12757333032624,26.43685771897251,135.02093815362014,20.751416785344237,71.82069490062631,18,Tap,Lettuce,162.6349613884865
5.886096411982965,2.3731267830136105,210.05334607821948,33.09848796635292,241.48662089395873,18.609791982878928,66.26177903661967,16,Distilled,Cucumber,200.62495669752136
6.096236505369519,2.3227420905705376,137.09280644631457,32.091124904014166,240.5698277245796,20.64996142601256,62.77525103221735,18,Distilled,Basil,179.27596884934908
6.411551067246999,3.08162736165273,139.9666793417981,52.1441464214556,142.5868355623691,25.771447650587717,85.0,18,Filtered,Basil,160.83971841536797
6.569291902471112,1.8461108825234995,203.1277656739623,75.98772499227638,240.93888218774305,20.39399473895133,58.250659812094476,18,Tap,Basil,212.87933453290145
5.100286326529704,2.1095751638319693,172.2492003760264,83.46950219288948,276.89659592062765,23.07536085462886,60.96924010934969,14,Distilled,Tomato,214.0797092129996
4.772708663411502,2.1246918418553777,168.2355108832643,59.57076652161136,143.8727596877793,19.80713117285358,84.91553302204734,16,Filtered,Tomato,173.1703336799397
7.022141457518807,2.7887266398817374,236.60009379604335,57.51266712416685,154.12485894928682,24.273765549770857,56.679386951501435,16,Distilled,Tomato,171.5532631534558
6.265851209583674,1.952352233806524,124.25927078479428,22.984133987708915,250.88307334217512,24.056523216370614,59.49884717063461,12,Filtered,Lettuce,186.5164415705865
5.401210770754757,2.1395107628851697,187.1136051232495,41.859893003989676,213.5747655412824,27.545826499889234,63.5297457656915,12,Filtered,Lettuce,193.43077743401753
7.240921580418019,2.3039482548582697,152.28052499588338,38.183243721376414,227.57381376197617,21.473308163502352,73.4073448212955,12,Filtered,Lettuce,203.31521949284954
6.092539707434287,2.093304561578179,160.74369115453027,40.68728602623326,217.02946082002484,24.00596441427372,67.07802507353314,12,Filtered,Tomato,211.80639885291717
6.943437747251061,1.776783192724736,211.13873705650127,47.47784272122816,219.53479604640722,22.294202618616833,52.07374652847737,16,Filtered,Lettuce,194.56257595236505
6.054014785128087,2.0970449964491538,170.31343025158495,42.91864133454309,133.67639358444586,25.887615345589044,59.6783143687281,18,Distilled,Basil,182.46871343559616
7.5,2.536815874929886,171.5318431619853,20.310502844363185,252.3658853310724,19.84350283717381,58.92645566787789,18,Filtered,Cucumber,182.8124221273695
7.404272673954564,1.4867423502944699,192.90029349239208,61.21865384176301,258.4794996213887,24.235015938631843,64.22778954776955,14,Distilled,Cucumber,179.86292716218514
5.800828681216741,2.066484837073438,135.40189081828458,33.9088546139029,188.5304627965986,21.415908111649955,69.25843658629829,18,Filtered,Basil,192.75417361870996
6.777256760763485,1.6499395925304134,116.43161330643974,53.588702961667245,197.82615250930687,21.807435468674505,69.18205755887972,16,Tap,Basil,209.294613476317
6.516300759668118,2.5975233144624212,108.20763223915866,81.1112400462496,123.4446248722139,22.27525745334512,47.23988245951598,16,Tap,Lettuce,200.79431998442433
7.0949052460258795,1.2384065476081125,71.34573642495992,36.20923112620365,225.71273780089174,22.756721189280032,75.63940987560856,16,Tap,Tomato,171.95085008645185
5.228061231535916,1.7205390763642059,232.2482851976129,20.0,228.6028720857072,21.651312870634126,67.52568845996623,14,Filtered,Tomato,175.1621922114806
6.548841167998751,2.1886059375322606,105.87166537113268,45.70993667179834,196.89044915003444,22.64413954951158,78.84532047593906,12,Filtered,Lettuce,198.8106011166721
6.84673958947967,2.78276201461717,141.14985505656912,66.51439452497857,256.21766799352514,26.734354172686555,69.44198327290673,18,Distilled,Basil,209.1918722933647
4.593008410861509,1.9671248694635062,138.92746800444317,79.37521181330891,183.29613845100297,24.956349056845657,76.01322957735762,16,Filtered,Tomato,178.53109024248585
5.05339318986738,1.7224002366534008,162.29626791236404,31.55675608321375,228.23029629468002,24.60746377749069,69.66545311450128,16,Filtered,Cucumber,206.25436309256904
4.5,2.940578534720295,182.62948850157187,57.45048834854782,149.01678306539424,20.633381421928387,78.46225756202747,12,Filtered,Lettuce,201.19228079011452
5.784474532444354,1.2759930497918779,184.4189395343898,43.0203431482992,198.8223924562881,19.332277515315027,70.22250636017779,16,Filtered,Basil,220.0217208979248
6.57403380463677,0.900597021689959,126.67690245724246,48.410774685437964,191.2822871048582,24.865901674713257,64.02084753557097,18,Distilled,Lettuce,198.82155357710508
7.201885641676823,2.220007225026666,143.31513144854355,89.66515020525551,211.26539610204708,24.628140377589382,85.0,14,Filtered,Lettuce,203.1153150480934
6.0592758243358205,1.7489728878236943,161.30319801953198,27.455445074072703,181.52365355833206,26.418012027252946,73.89037122279892,16,Tap,Cucumber,203.40889483427753
7.302892436457034,1.4893835914346434,140.0523549526581,53.8060949224186,193.42637021641661,20.18805812209231,70.73744421004413,18,Distilled,Tomato,191.11431116901403
4.8959188334280865,2.3541782236496767,214.2938230407997,57.0153975764815,241.30235857207532,21.31135403391896,52.23695583461664,16,Filtered,Tomato,184.09201230604862
4.6372940485158765,2.1219003568855994,169.63899806553005,66.2867948740902,178.16178813808912,17.081547512423697,52.11692382536462,12,Tap,Lettuce,176.83307950634136
5.955561840882705,1.7179606846316358,179.3951114419927,51.46974730206343,119.67114496306604,20.82258668181738,67.92715482141854,16,Filtered,Tomato,199.19611446259958
6.3072523591514456,1.3598478006645527,176.5152507466965,54.62075809256154,287.47919521027103,24.98971153173834,66.45521197768241,16,Filtered,Basil,183.30108183224104
5.9738442015247255,2.4362286641400726,196.938954299413,44.125271488673135,269.0727039345243,20.600513862315406,58.858774349916835,14,Distilled,Lettuce,211.89411035993237
4.5,2.3251005889793306,157.24086234814828,54.03690411867661,135.38686524471905,23.921439385602472,66.4098269961206,12,Filtered,Basil,200.3362850703565
5.928703968389769,1.9504120681103085,98.12672208176613,44.85211586753884,234.48539026225973,21.428490682006565,80.88626928043595,12,Tap,Lettuce,164.83115766834993
4.956424399596117,2.923318498023833,165.98751807010566,59.323578347840765,174.85126147243284,22.97217108466468,71.95402474550299,14,Filtered,Tomato,204.04599566833878
6.5357380390640305,1.4649576168369238,123.94572424832684,44.45584495934549,213.17436076655298,18.556925830553,53.589914902472614,16,Filtered,Basil,204.01005333224958
6.293278596877479,1.2372374145376306,128.85533273000974,55.65650590853279,214.7112064506747,22.255628348901702,63.884911728570565,18,Distilled,Lettuce,200.09170995495975
5.2480961709381155,1.6540459650593777,173.45456075020374,49.56105779472532,188.2796099841839,15.0,56.950335191474394,12,Distilled,Lettuce,200.57593441752917
5.588906466130645,1.977206991822251,199.53132285734543,66.89075376158252,160.81171672068018,21.439311525514047,61.12300083591439,12,Tap,Lettuce,205.3031632346777
5.152629182488838,2.121669724661346,150.85086306944245,49.229094146172706,165.47294738418702,17.10858026885458,60.86384334370357,16,Filtered,Lettuce,212.07405840113125
5.949856722181463,1.8793819710718351,162.35332050395854,23.40451297689678,154.19040422593787,25.61798354964045,60.22354417395995,16,Filtered,Basil,208.9592218937735
6.764113856400991,2.1760276982571485,218.08859778540952,68.92882251070988,158.40888958847776,24.332222058293535,52.44864628026605,12,Distilled,Tomato,172.4843671930558
5.2114191629315645,1.374230287904778,159.63012717954274,36.414015487060716,196.64108549753223,23.400012945898244,63.7234531848181,16,Filtered,Lettuce,204.76595309626825
6.403237212414275,2.72188230203663,250.0,40.1935049202677,164.2120005444624,26.56301868147814,59.3939236315269,18,Tap,Lettuce,189.52777596781303
5.5757939053020475,1.9589244108037156,172.62038582526176,41.065080589347616,234.102603285631,19.15325043752549,40.0,12,Filtered,Basil,192.77747552156833
5.365701734190124,2.558647915794064,79.56948963376729,70.61657139756227,274.36230776679633,27.242089593746677,85.0,18,Distilled,Tomato,172.34984781066223
5.914375712036354,2.171362673188852,180.1336648441813,20.0,170.99733793149784,24.796574692781153,75.88769654216672,18,Filtered,Lettuce,225.57099703475106
5.171806142064501,2.228376609576892,165.24633539531112,97.0662280048999,211.97022502676884,21.290334138343162,61.23699275075004,16,Filtered,Lettuce,226.17519771775142
5.557080555722254,2.284883640116102,201.59011016330982,65.84085213599077,224.98425551514669,25.406860441548833,65.18819049740598,18,Filtered,Basil,193.91276718540269
5.041697685928921,2.2238542800086574,176.92725405079833,53.348583711937394,223.60011354596372,18.681119462765096,53.28345652682438,16,Tap,Lettuce,171.685711681592
7.5,2.321361379933772,144.46176064064906,49.1765899907557,203.79776339580437,19.52645751541698,81.95722877810866,14,Filtered,Lettuce,179.12388463174455
6.0282108415773825,2.6645762650662155,101.02807054842538,54.28331112286485,237.1341209179861,20.174230830280898,83.97288694773111,16,Tap,Tomato,188.3548862736729
5.440219593605931,2.098260584850735,141.639069708559,57.81683642569008,224.11244763403286,20.413066875807953,66.56693728246525,18,Filtered,Tomato,201.15554848086077
6.171183928587378,2.354501878794256,115.979181831628,59.678233789250854,138.1168788836351,18.830327071719243,75.23530644185345,14,Distilled,Basil,212.1478668121738
5.910137560247336,1.9551321528563865,126.77906200781109,58.334066990051724,243.45780321946364,25.669249201285975,66.75286778933923,16,Filtered,Tomato,211.13377286929332
5.823224320373422,2.720058607724736,173.5431361768244,51.34371021882873,244.3645418633371,21.223436798890503,51.63274561124069,18,Distilled,Tomato,211.50985451421357
6.49133336003474,1.661803848970365,216.79618017405625,47.03992369539011,161.83569479107092,23.05751490507064,60.881766310363425,12,Tap,Lettuce,203.39691155538262
6.606006168037844,2.9004702164554077,165.78686119291925,47.730900745197324,201.89689177238012,20.288945900758957,66.31927966771957,12,Filtered,Basil,170.13801055772225
5.575599081911578,1.9799210246778283,102.16467751859263,47.07637579470978,234.16644964055348,16.53819009835445,60.45452281256556,16,Filtered,Lettuce,195.44644742251919
5.539345407484256,1.284612448940976,167.78410672880563,67.00655145300597,189.53430902103193,22.810172075174265,62.81346722564964,16,Filtered,Lettuce,219.77421177382178
5.779958642278685,2.0640522074553944,197.86525946582606,58.90335083421293,253.6489023883006,16.26323507374067,64.08600442490885,12,Distilled,Tomato,201.58329570876495
4.5,1.6594741712625596,125.60868382722471,20.0,318.19362473096805,21.794097861743595,64.19121502134539,18,Filtered,Cucumber,194.17425978214172
4.787847150241158,2.420321774494362,144.6393133330833,59.83851164794642,160.70069836825087,17.89505488350157,65.52258490497483,18,Filtered,Cucumber,176.3864020466771
7.09349941395562,1.6736880103488045,150.5875277891679,52.92104292078162,130.94776984231126,27.961827997692424,54.39394933603399,18,Distilled,Tomato,161.53294755082075
7.315974170801027,1.7769082833926102,118.6040674767104,49.71936865331154,215.19092978024378,24.734088166524167,57.82983850872064,16,Filtered,Lettuce,189.00792036649582
5.800771168354897,1.0552296345272345,175.93121735375436,44.17222320366671,236.07812525630717,22.317261373814443,52.15415734300031,14,Distilled,Lettuce,207.4313704912272
6.461245570444613,1.7738468403754617,145.16207405568875,66.86169079979021,188.45668130776156,25.791120032964006,74.778155496862,14,Filtered,Tomato,179.26438655822963
6.249000123634829,0.8,166.7812977562811,64.21289693184286,272.6630331660517,19.461052067602793,43.943530581596754,14,Filtered,Basil,186.38480799654346
7.5,1.2080485882571383,114.500312887916,38.40683498264586,133.06971001383755,23.63043813601028,76.53590343316925,14,Distilled,Tomato,154.58003795496873
6.895659929147661,2.3802073280721485,132.50166798706357,56.105784306868024,234.64593115158056,22.59943130115614,78.86349397262843,14,Tap,Tomato,198.36347143003127
5.897665926815387,2.392900079325416,178.89525431311085,35.42514898188071,169.70695896205532,22.79206024400101,61.97819413017378,16,Distilled,Tomato,193.4552455039566
5.235567647519659,2.2127287808924825,135.08667391632932,29.30572752816604,285.9688953103648,25.817060500320302,40.0,16,Distilled,Tomato,204.59140392134557
4.714842943793942,1.5165119284353934,219.07855404933622,40.59924163115052,299.62576765840595,24.197476308339407,61.38689438032709,14,Distilled,Lettuce,226.47086031602845
6.162770908693778,1.97614432192901,134.0145525754159,62.93590208574138,161.6671706108326,22.86617098847507,64.35815838711181,16,Filtered,Tomato,198.51057405349903
5.394919403772557,1.9981987304547157,158.98738903007543,64.2968756806413,172.522143204571,17.035337691315114,54.89401780071087,16,Filtered,Cucumber,172.9974964256125
4.862197032321861,1.4208176554037286,187.30363327492358,57.69628130145939,242.9793943489901,19.11986111416161,59.84781606191757,14,Filtered,Lettuce,165.346563250322
5.482741692605979,2.7516991508835753,93.26537068267874,60.87643680271996,180.64346751052426,21.631873199212826,80.30195198863352,18,Distilled,Tomato,163.35342764309985
5.134761597108484,2.438681145287836,79.56764752076896,57.742674306724375,197.7294391033881,22.280117122829953,71.64927162301741,16,Distilled,Lettuce,177.12494632571625
7.3497133080580515,1.889517913085168,88.97374741719621,40.37777607165572,201.2694210271205,18.60938882597823,55.754358856219,18,Filtered,Cucumber,196.75910983788728
6.70531180555956,2.0134429194972654,200.5033641370873,56.47883817010911,104.01634219011719,29.235030026735263,49.02400830404568,16,Tap,Lettuce,185.39580986489273
5.993621886946706,2.1041914039737764,127.92567416430214,62.00614287841523,199.30811269528814,26.54918216576072,61.729826823902286,16,Tap,Basil,201.45882251635726
7.183955311112021,0.9791325657878547,250.0,61.314369947203616,165.5136112967913,23.80635496117745,62.86543220649562,14,Distilled,Lettuce,164.37876927847913
6.061894646118095,1.8764113087397016,127.43009605370446,67.83370057211964,175.3438588800114,22.216110583851233,69.96199187363317,16,Filtered,Tomato,182.18051536842495
5.310972638937389,1.6590078760011007,157.38205212788148,60.624557708015956,272.1816001734407,21.363373090296545,59.64683287432341,12,Tap,Lettuce,214.76608996680116
7.218499261815726,1.4991899950525422,211.68439810271502,55.27172311312374,137.1746552860372,19.144244619933293,70.11499575361862,12,Filtered,Lettuce,195.29846920200254
6.431128034947727,1.8594498535570225,230.24371552636492,66.05225357474642,240.66025933739886,22.232441555556587,84.35154040060229,14,Tap,Basil,198.23230656841648
5.170203076538835,2.8988432634247614,232.4601430654559,49.6021811112641,186.05185348340956,22.773257620428254,73.15501022444262,18,Distilled,Cucumber,199.36114604756037
5.847729057533114,2.320421430633505,198.3346492237257,36.771880231584234,186.01199157520827,18.274718273555127,64.51911492669227,18,Tap,Lettuce,224.29629702185727
5.299505397292194,1.7144105051086016,190.9625010324585,47.553995540843545,239.51859480258557,23.002529251734693,63.16849528946705,18,Filtered,Lettuce,204.29771468599097
4.893760215228531,2.2862913906780795,173.70107796804731,38.82646032790326,217.00256472844453,21.534222853525755,61.433268658201285,12,Tap,Tomato,184.13566976298574
